{
  "train_loss": [
    165.12149584976396,
    158.77573320648452,
    149.25143897323758,
    146.3877060207349,
    140.63333135170137,
    137.1729220292927,
    127.78649769792987,
    126.54956673952238,
    122.92896697722752,
    113.09619343698596,
    110.2092289185993,
    104.61373712411942,
    104.4183228625679,
    102.79995879514178,
    100.91466906591909,
    94.73531709612837,
    94.64857282728147,
    85.55753746660008,
    81.95488712056536,
    82.40748831491777,
    80.55234532498517,
    77.08899875847301,
    70.49022399951026,
    72.01429000418182,
    67.24401770026267,
    68.94217730237636,
    66.17193318740549,
    61.4776214547149,
    60.32786797498943,
    57.31192955270266,
    57.4533610694579,
    57.70816020387999,
    52.11366674824003,
    53.445938960357154,
    49.79303794950582,
    47.744087027030034,
    47.65030786716674,
    44.38444891199912,
    43.99208683111932,
    41.39990819894287,
    46.471237961527265,
    41.406377950627956,
    38.77656955300453,
    39.488493892005145,
    37.763039856681914,
    36.5139364512718,
    37.19183831998179,
    36.52409090961669,
    33.03013445465788,
    32.05665707146767,
    31.80910069633183,
    26.93873552783419,
    27.726791562073554,
    32.735546400221395,
    32.565237747303655,
    28.078510792960703,
    29.05769148353364,
    27.880765324236084,
    32.79442455065893,
    28.27797638128971
  ],
  "val_loss": [
    163.61624722555771,
    156.13384943464854,
    149.34823783650774,
    150.10615504357833,
    142.71061166562382,
    136.347325039445,
    134.45429533922052,
    129.06995363318336,
    133.4325739435097,
    127.20405561423784,
    120.85026085083682,
    121.7518739770237,
    114.10073599668411,
    107.95613752597984,
    111.89166566959493,
    105.82857333472407,
    98.09332641928198,
    97.72748703424682,
    92.861962766487,
    88.62438015876982,
    92.92579990116201,
    93.33751391680657,
    80.96015015433083,
    84.47312213717827,
    78.53969544292143,
    76.81406823638632,
    74.35594952257453,
    71.47024960689069,
    72.20590123375601,
    67.63232367087646,
    69.06588150536325,
    66.2954832698155,
    63.981311466863524,
    60.285685210980844,
    59.64460347222505,
    62.062075906262706,
    59.77226744214139,
    53.86133854996453,
    55.665668694859406,
    56.243040583390055,
    47.64782622962017,
    52.99770923156548,
    48.13428702945531,
    50.62999573345593,
    45.464591853577936,
    41.21468331101888,
    40.659160382044995,
    44.63474860248879,
    44.253407166229586,
    39.77890763163924,
    43.457995717890775,
    35.63967064787932,
    39.538600634443966,
    35.24597753530863,
    36.09429501978312,
    37.39041472303279,
    33.892110951254935,
    34.57064324268012,
    38.01911281956055,
    32.56961687692246
  ],
  "train_wer": [
    0.5967138422413027,
    0.5382893679788413,
    0.553093974458958,
    0.5536465861425786,
    0.4583757081725578,
    0.4755142912713504,
    0.487262591273911,
    0.45653063834422514,
    0.45346331081252067,
    0.4199658709651242,
    0.4203176155625608,
    0.40252712689095715,
    0.41654609633805295,
    0.3863046644778571,
    0.37645190311392746,
    0.35038621912851337,
    0.3382190146390131,
    0.3290746375203738,
    0.3357612161784848,
    0.30997558942596476,
    0.3150762118949501,
    0.3420226434884461,
    0.3095061880672672,
    0.27745462963400114,
    0.30020080078085354,
    0.26051459988862324,
    0.22069996494714889,
    0.23436287720621732,
    0.21043616761169226,
    0.23440425230744236,
    0.23563076513047185,
    0.26285499812176405,
    0.23015561027832032,
    0.2137441425215609,
    0.22943328891117215,
    0.16354340279169136,
    0.20759351978575746,
    0.2136004157338656,
    0.16409289322378212,
    0.21219396081120712,
    0.1919092204688699,
    0.17281374454426565,
    0.18990903921875804,
    0.2189489707245436,
    0.17359631162138184,
    0.17148399722713423,
    0.15402446507551157,
    0.14303336424244445,
    0.1735771721638147,
    0.13690596865767943,
    0.15262867171317157,
    0.13892211058904885,
    0.15543684213649672,
    0.15001256832351345,
    0.16166847328616163,
    0.12838828159648327,
    0.13095109315220627,
    0.11461894240151721,
    0.12323634457763931,
    0.1376754317222989
  ],
  "val_wer": [
    0.6427096584993606,
    0.5756699427961707,
    0.6133134335941046,
    0.6123216828840706,
    0.5690019267683001,
    0.5983508282708687,
    0.5047663706667198,
    0.47704235104741266,
    0.447875555993845,
    0.5334117838226405,
    0.49587823227324396,
    0.4627059317405318,
    0.4612944957020655,
    0.40803529568093083,
    0.5044468708477914,
    0.4245827794714905,
    0.4139653934456846,
    0.42276800894528627,
    0.4060596687075723,
    0.38929245190058337,
    0.35010999053186426,
    0.3795082640320671,
    0.4136469111468785,
    0.38964331614167114,
    0.38943434263347165,
    0.31891501099933245,
    0.29742229304321305,
    0.31643379878344435,
    0.3152062018683992,
    0.33990965895449365,
    0.25007443120196776,
    0.3407071682443615,
    0.2842536150675061,
    0.2705548218919296,
    0.24755326028862845,
    0.2230073072733117,
    0.2922601704497516,
    0.26484621996351937,
    0.21919341226967412,
    0.2144439008823405,
    0.23877993259791042,
    0.29462940794010073,
    0.23261945381340135,
    0.19129971049871164,
    0.22514227248810664,
    0.2205827249509447,
    0.14423269303073447,
    0.22000613321281445,
    0.21131942963062345,
    0.23585904930091076,
    0.2672760773202225,
    0.2425443870020534,
    0.19772280605130813,
    0.16973430985306992,
    0.2773668052414611,
    0.19927061538404647,
    0.19532904891441102,
    0.19169061363793188,
    0.19594332412942642,
    0.18333682926058806
  ],
  "train_cer": [
    0.3442633799311976,
    0.3330615136307923,
    0.32717120183823145,
    0.31145488052631465,
    0.2995567010782905,
    0.2979356201053749,
    0.28488291706397156,
    0.2933948575248779,
    0.2431145379231266,
    0.272142413338889,
    0.265612343812838,
    0.2246505006351977,
    0.23448739712211059,
    0.2270153399071418,
    0.20974479297627585,
    0.20939608819466887,
    0.19967692501761947,
    0.22215818520029593,
    0.20808008793002591,
    0.20575271837536363,
    0.19478514949464545,
    0.17101825879715007,
    0.1720050137363823,
    0.17727880577869395,
    0.1554846353136253,
    0.17033564871115645,
    0.15647421940884224,
    0.15096655397924325,
    0.15782080330136053,
    0.15130334630782152,
    0.1395477768698177,
    0.15118904915939751,
    0.12535960440582328,
    0.13903504792808558,
    0.13563811895218528,
    0.12356420098996954,
    0.12699006739657287,
    0.10839873134982272,
    0.1274390410756964,
    0.11374230660381122,
    0.10785634518619859,
    0.1211617939517379,
    0.10130860423255181,
    0.09203645517743782,
    0.08840910017688812,
    0.10797185081413291,
    0.08712271631482706,
    0.11556609279888781,
    0.07536297942092067,
    0.11138115078841443,
    0.0948285828532964,
    0.0901180245959068,
    0.08406515650485182,
    0.0919949568741854,
    0.08617425761635371,
    0.09618618456431213,
    0.08495143160146461,
    0.0840195476449168,
    0.07763720374535836,
    0.07950819687963044
  ],