{
  "train_loss": [
    160.99342830602245,
    153.50031678182668,
    149.10725220035644,
    145.1404374583364,
    136.14577941879136,
    130.89288535589242,
    129.4845898441896,
    123.0349289663798,
    115.93523000291677,
    113.52533526892223,
    107.26337114309187,
    103.18506144165245,
    100.69576774680216,
    92.64260105811758,
    89.43191947033418,
    88.31860689661971,
    84.12160501789823,
    83.61658713893719,
    78.14393642551295,
    74.23289850094444,
    77.20674192552352,
    71.15725159720215,
    69.18785317940642,
    63.753335832289366,
    63.165745578973365,
    62.225461469218814,
    57.54411883659604,
    58.529501864253106,
    54.594624848947824,
    53.31254819359083,
    50.87138116988382,
    54.0337644237252,
    48.62904762350842,
    44.93687003736417,
    47.16016744391433,
    41.59995152496137,
    43.047056803021945,
    37.35627361063497,
    37.32168855562557,
    39.1280624149673,
    39.01915150154947,
    36.74229168258863,
    35.073001800084135,
    33.65227389921773,
    30.29117472834869,
    30.844015228498925,
    30.437926548715534,
    32.58730434622554,
    30.31091635840324,
    25.283458179221316,
    28.677341986900633,
    26.511020569297592,
    25.210384549454318,
    27.100369425354486,
    27.28031502145651,
    26.449503325936277,
    22.30332935987789,
    22.7832684432696,
    23.508214665337555,
    24.26384004782954
  ],
  "val_loss": [
    160.56247728646412,
    155.9527989630333,
    147.90149726899688,
    142.53620393667754,
    143.65323233597192,
    140.554888932107,
    131.71375871375042,
    130.5507783112129,
    124.39614449627675,
    117.30171960014161,
    116.39622837687888,
    116.14477618564834,
    107.78021727207975,
    109.0719934449234,
    93.13765206141527,
    100.20517584344506,
    94.86241689539155,
    90.68092353885368,
    88.94055621810337,
    79.89650357889094,
    82.49683721227572,
    81.62278006491657,
    82.47603927553932,
    74.07029754476908,
    70.87085337193513,
    69.54752563927696,
    71.63758253372923,
    67.7953201430297,
    63.213692470060785,
    64.41010767582691,
    61.29960884514975,
    62.12053137909724,
    55.38031235654947,
    54.83861237752696,
    53.04133836970347,
    48.281888450007074,
    52.07212230051532,
    50.532743073722344,
    48.38322669987333,
    46.333005954831144,
    41.50825709705425,
    43.25697300708269,
    42.30052477253741,
    39.775160447376045,
    40.59342911020844,
    41.22516669625773,
    44.64625365969516,
    38.52363940169443,
    37.82092173204558,
    35.90812868680628,
    29.491905063186422,
    34.31775754406361,
    33.75821518799082,
    40.17748125896958,
    31.44980913917043,
    32.19851989098005,
    30.483557799091123,
    26.401321656710024,
    32.68038823752523,
    30.876272852410402
  ],
  "train_wer": [
    0.565820638940861,
    0.5110684021846688,
    0.5374288032992388,
    0.4622775712292222,
    0.4837840957701321,
    0.4983463100821688,
    0.41794315420796896,
    0.4103409104348578,
    0.40824028988437505,
    0.3813978708568437,
    0.34628741980773337,
    0.3650929959920971,
    0.3294600697377116,
    0.3477023871041475,
    0.3078840324331914,
    0.3458092946173563,
    0.28815915834849887,
    0.28685241125504196,
    0.2994702929359113,
    0.24890773335003769,
    0.26880067998435064,
    0.28150553574623266,
    0.21469299120887736,
    0.24236878451970034,
    0.2360460259783809,
    0.2389818450682098,
    0.19141467242057386,
    0.18285122049685368,
    0.2130918387416227,
    0.20225947910858832,
    0.19525917165472623,
    0.1913596577056306,
    0.16525297914504447,
    0.17815271359413998,
    0.1742450415316668,
    0.14918510105581737,
    0.19607992226626994,
    0.16372870461288416,
    0.12610079890068845,
    0.15891220531677344,
    0.12231376106731573,
    0.15374020914221134,
    0.15751957279635015,
    0.1144346246009535,
    0.14676158494849825,
    0.13253463068969112,
    0.1376385501686735,
    0.1561793926323713,
    0.11050450361083032,
    0.09762373834600617,
    0.09230695823452634,
    0.09128774473445865,
    0.10367206097860537,
    0.10974642898857537,
    0.10626153590814907,
    0.11516680860640008,
    0.09686591919196869,
    0.12374299219305308,
    0.08752582267700897,
    0.14544588264374178
  ],
  "val_wer": [
    0.5987700204329501,
    0.5359845262842606,
    0.5119415656948831,
    0.5415569184870274,
    0.5040149660028554,
    0.5163739109774111,
    0.4939630923321778,
    0.46294906467874997,
    0.4256336431950607,
    0.3920115128059473,
    0.4109780233058348,
    0.43746085211720565,
    0.40604846362193814,
    0.3505547115635783,
    0.38185171902115045,
    0.37735774915959647,
    0.3288218625495561,
    0.34987157181253675,
    0.33729717451503616,
    0.2919082588073934,
    0.327919797063076,
    0.3253283436256515,
    0.3326327277663076,
    0.32369775555968044,
    0.24299103289666957,
    0.2487079047026482,
    0.28508897861833654,
    0.27811046790753513,
    0.2714613408603877,
    0.36514962930793105,
    0.2604879693111471,
    0.2714489572304132,
    0.2602416250320678,
    0.24561373359690813,
    0.2112674654244561,
    0.23834385426280943,
    0.1874277817949448,
    0.19872736598840865,
    0.18666538133161342,
    0.19924544869811164,
    0.26195432141089026,
    0.13237840747351012,
    0.20501670011829448,
    0.13222516471444679,
    0.16276633151033856,
    0.20604523166173472,
    0.1718873870930758,
    0.13433400987278388,
    0.1420351239217919,
    0.18082615391505621,
    0.1355830634120977,
    0.1611514215888301,
    0.15329223705767353,
    0.1297445059768712,
    0.2110746294581391,
    0.16333049688280438,
    0.08120469942762798,
    0.14528481534164492,
    0.11765280537021561,
    0.16097457922505365
  ],
  "train_cer": [
    0.32207479261567296,
    0.31640632635366905,
    0.3106736230381147,
    0.30284630743274193,
    0.2712252082659182,
    0.269377306181172,
    0.2579028753147401,
    0.2464668266904108,
    0.2614028999523843,
    0.23893024747311017,
    0.21377157351408316,
    0.2274116613681337,
    0.23164524837746653,
    0.2132629757003778,
    0.18056981061118035,
    0.1840440231815408,
    0.19496364600900037,
    0.16889949029130547,
    0.17435816343457303,
    0.17186135234152344,
    0.14928158405957997,
    0.15262235483573244,
    0.11569292013937041,
    0.13296178799608965,
    0.13598334054211583,
    0.12152940075994968,
    0.14601632502219763,
    0.11125479787551719,
    0.11719135959060104,
    0.11909927715921566,
    0.1285623216793464,
    0.09629979459762025,
    0.11894372166751815,
    0.10420691440074781,
    0.0912150687289364,
    0.10270431239243953,
    0.09724925618175957,
    0.0865490589452011,
    0.09065414215674504,
    0.08361554391784051,
    0.08621961013562977,
    0.08942041698562783,
    0.09646876489117476,
    0.06613080759252413,
    0.09782677116472975,
    0.05504652929535167,
    0.07120055723091438,
    0.07682929185242116,
    0.07205727823588295,
    0.06139208178168763,
    0.06397712559264933,
    0.05963236091367211,
    0.05723480953069035,
    0.07025005466555574,
    0.06400678681257968,
    0.05224479022280121,
    0.06695952756697883,
    0.05987638159871014,
    0.06381999679345045,
    0.06092178800640576
  ],